sujet,date,statut
Quelle technique de perspective cavalière les miniaturistes persans utilisaient-ils pour les scènes de chasse ?,2025-10-15T15:00:12.357222,succès
Pourquoi les oiseaux exotiques deviennent-ils si populaires dans la peinture flamande après 1500 ?,2025-10-17T09:37:06.054651,succès
Comment les artistes du Fayoum représentaient-ils les animaux de compagnie dans les portraits funéraires ?,2025-10-21T09:39:23.726364,succès
Quelle est la signification des animaux en vis-à-vis dans les tapis arméniens médiévaux ?,2025-10-24T09:38:41.660442,succès
Les animaux dans l'art préislamique de Palmyre : syncrétisme gréco-oriental ou tradition locale ?,2025-10-28T07:34:56.588144,succès
Pourquoi les animaux fantastiques disparaissent-ils progressivement de l'art de la Renaissance ?,2025-11-04T07:35:40.248037,succès
Comment identifier l'usage du lapis-lazuli afghan dans les ciels des scènes animalières médiévales ?,2025-11-11T07:36:12.372828,succès
Les animaux dans les peintures murales nubiennes chrétiennes : quelles influences byzantines et locales ?,2025-11-18T07:17:02.506522,succès
Quelle technique de raccourci anatomique Uccello appliquait-il à ses chevaux de bataille ?,2025-11-25T07:17:38.104713,succès
Pourquoi les animaux marins possèdent-ils des caractéristiques terrestres dans l'art roman ?,2025-12-02T07:19:32.379240,succès
Les animaux dans les miniatures ottomanes : rupture ou continuité avec l'art persan safavide ?,2025-12-09T07:19:35.022805,succès
Comment les artistes de Dura-Europos combinaient-ils influences parthes,2025-12-16T07:21:30.362953,succès
